withhowmanycountriesdoestheusashareborders,2
inwhichuscityisthebarincheerslocated,boston
whatscaleisusedtomeasurewindstrength,beaufort scale
in1793leonhardeulerinventedlatinsquarestheprecursortowhatmodernpuzzle,sudoku
whatdoesenglandcallitspoliceofficers,bobbies
whatsportisplayedbythebrooklynnets,basketball
howmanypeopledoyouneedtorunathreeleggedrace,4
whatwasthenameofthespaceshuttlethatdisintegratedjustafterliftoffinjanuary1986,challenger
whoistheonlyamericanmentionedbynameinmeinkampf,henry ford
whatwouldthekoolaidmanyellwhenbustringthroughawall,oh yeah!
howmanyballsarethereonasnookertablewhenthegamebeings,22
whowasleeharveyoswaldchargedwithkilling,john f. kennedy
whatislithium,a metal
whichfruitaredriedtomakeraisins,grapes
whichdutchnavigatorledthefirsteuropeanexpeditiontosightthefijiislandgroup,abel tasman
whatisthemostpopularbeverageintheworld,water
whatisthenameofthelineonasnookerorbilliardtablefromwhereplaybegins,balkline
whatisthenameofthegreekgodofthewinds,aeolus
whatsportoriginatedwithnativeamericantribes,lacrosse
until1997therestaurantchainstacobellkfcandpizzahutwereallownedbywhatcorporatefoodgiant,pepsico
innauticaltermswhatnameisgiventotheupperedgeofashipsside,gunwale
whatherbivorousmammalscommonlyfoundinfloridaarealsoknownasseacows,manatees
shortforhabitantswhichnhlhockeyteamiscommonlyreferredtoasthehabs,montreal canadiens
whatyeardidchucknorrisfactsbegincirculatingontheinternet,2005
becauseitisacolorthatwouldabsorbmorelightenergywhichofthesecolorswouldmakeyourcoatwarmestinthewinter,black
whichofthesewasnotanaziexterminationcamp,lodz
knownasthedominatorthis18yearnhlhockeygoaliewasoftenaccusedofhavingaslinkyforaspine,dominik hasek
thestrongbitternessinherenttoanipaindiapalealebeercomesfromwhichingredient,hops
whichcitysundergroundrailsystemistheubahn,berlin
membersofthechurchofjesuschristoflatterdaysaintsarealsoknownaswhat,mormons
whichastronomerhadafalsenosemadeofsilverhavinglosthisowninaduel,tycho brahe
whatisthestatecaptitalofsouthcarolina,columbia
inwhichgamemightyougotojailorpassgo,monopoly
whatisthesecondmostpopularlanguagespokenintheusa,spanish
inwhatyeardidnorthandsouthkoreaseparateintotwonations,1948
howmanyplayersarethereinacricketteam,11
whichofthefollowingisnotoneofalexandredumasmusketeers,rochefort
howmanyspotsarethereonatraditional6sideddice,21
whichsoutheasternasiancitysitsnearthemouthofthemekongriver,phnom pehn
thislakeinoregonisthedeepestintheusandtheseconddeepestinnorthamericawhatisitcalled,crater lake
themeninthreemenandababywereplayedbytomselleckteddansonandwho,steve guttenberg
whatistheapproximatepopulationofthecityoflondonthesmallercitythatresideswithingreaterlondon,7300
whatisawebsitetellingyouifitservesyoua404error,not found
thisriverinchinathelongestinasiasupportsthethreegorgesdamtheworldslargesthydroelectricpowerstation,yangtze river
whoistheonlybritishprimeministertobeassassinated,spencer perceval
whatwasthefirstpopularsongtosell1millionrecords,in the mood
thesiegeofwhichcityisdescribedinhomersiliad,troy
whichirishmonkmadevoyagesoutintotheatlanticandwasthoughtbysometohavediscoveredamericainthe6thcentury,brendan
whorecordedthesongpeanutbutterjellytime,buckwheat boyz
in2012whatcountrysbrandnewpolymer50and100billsstartedmeltinginextremeheat,canada
ouagadougouisthecapitalofwhichcountry,burkina faso
thehistoricalnationofcircassiawhichfelltowarsbeginninginthe1700sresidedinwhatmoderncountry,russia
whichkingoffrancewasknownasthesunking,louis xiv
inthevideogamegenreacronymmmorpgwhatdoesthefirstmstandfor,massively
whatcompanycreatedpokemon,nintendo
inthenurseryrhymewhokilledcockrobinwhosawhimdie,the fly
howmanybabyormilkteethdoestheaveragepersonhave,20
osteoporosisisathinningandweakeningofwhichpartofthebody,bones
edwardabbeystimeasarangerinwhathasbecomearchesnationalparkischronicledinwhatbook,desert solitaire
whatwasthenameofthorheyerdahlsbalsawoodraftusedtocrossthepacificin1947,kon-tiki
adescendantofwhicheminentpsychologistcreatedthepaintingentitledbenefitssupervisorsleeping,sigmund freud
inwhichsectionofaconcertorchestrawouldyouexpettofindthesecondviolins,strings
theadultmaleofthisanimaliscalledareynard,fox
whatisaniroko,a hardwood
whichisthethirdletterofthegreekalphabet,gamma
fromitscreationin1923until1949thefamouscaliforniahollywoodsignhadextraletterssayingwhat,hollywoodland
whereisredstripebeerbrewed,"kingston, jamaica"
ifyouseegenoaonanamericanmenuwhattypeoffooddoesittypicallyreferto,salami
whatistheclaviclebetterknownas,collarbone
themastersmateontheenglishnavyvesselbountyheledthefamousmutinyonthisshipin1789,fletcher christian
whofamouslysaidgeniusis99perspirationand1inspiration,thomas edison
nametherussiansubmarinewhichsankin2000inthebarentsseawiththelossofallcrewman,kursk
whichcreaturesdoyoukeepinanapiary,bees
whatnamewasgiventothehurricanewhichdevastatedthephilippinesinnovember2013,haiyan
the1979comedyfilmthefishthatsavedpittsburghisaboutateaminwhatsport,basketball
what1960sconcerthadhellsangelsmembersassecuritywithhorribleresults,altamont
whatpartofthechickenissometimescalledthedrumstick,leg
whatcountryssecondlargestcityisbergen,norway
ohareairportserveswhichamericancity,chicago
whatwasthefirstnameofthefrenchpaintermonet,claude
whichgoogleproductsflightsimulatorwasonceasecreteasteregg,google earth
whatdoesamcstandfor,american movie classics
whichfruithasthelatinnameribesnigrum,blackcurrant
titanisthelargestmoonofwhichplanet,saturn
onwhatitemofapparelareyoumostlikelytoseethebrandnamejustin,cowboy boots
whowrotetheoperacarmen,bizet
thea380thelargestpassengerjetlinerasof2013ismadebywhatcompany,airbus
inwhichyearwastheberlinwalltakendown,1989
inwhichcenturydidleonardodavincipaintthemonalisa,16th
onwhichshipdidcharlesdarwintraveltothegalapagosislands,hms beagle
ingreekmythologywhohadtorollahugerocketernallyupahillonlytoseeitrollbackdownagain,sisyphus
accordingtonortherneuropeantraditionthorridesacrosstheskyinawagonpulledbywhatsortofanimals,goats
thepiratesofpenzancewaswrittenbywhatteam,gilbert &amp; sullivan
whatdidthenoidsellinthe1980sand1990s,domino's pizza
howmanyarticulatingvertebradohumanshave,24
whichepsomderbywinnerwaskidnappedandneverseenagain,shergar
whatproductdoessonnythecuckoobirdsell,cocoa puffs
salicylicacidoneoftheingredientsofaspirincanbeobtainedfromthebarkofwhichtree,willow
whatisthenameofthelineonasnookerorbilliardtablefromwhereplaybegins,balkline
asbartsimpsonsbestfriendwouldknowwhatdidthemstandforinrichardmnixonsname,milhous
inthecomicstrippeanutswhowasthelittleyellowbird,woodstock
whatisthedailycirculationofthenewyorktimes,1.9 million
whatisthedailycirculationofthewallstreetjournal,2.4 million
drphilbecamefamousafterbeingajuryadvisertowhatcelebrity,oprah winfrey
in2012mcdonaldsannouncedthatitwasopeningitsfirstallvegetarianrestaurantinamritsarinwhatcountry,india
ladygodivaissaidtohaveriddennakedthroughwhichenglishcity,coventry
whichcarisafamousporschemodel,carrera
inwhichyearwastheberlinwalltakendown,1989
mentalarithmeticabakersdozenplusatrioplusagrossgivesatotalwhichwhendividedbyascoregiveswhatanswer,8
whatgrouppushedtogetwarninglabelsonamericanmusicreleases,parents music resource centre
whatyeardidthecdbecomeavailableanywhereintheworld,1982
whowrotetheharrypotterbooks,j.k. rowling
whatarejimmysormanolos,shoes
whatcountrywasfirsttobeabletobuythecd,japan
whichofthefollowingisnotatypeofcheese,parisian
retinolisthechemicalnameforwhichvitamin,vitamin a
completethesayingnothingiscertainbutdeathandwhat,taxes
whichofthesefruitssharesitsnamewithpopeyesgirlfriend,olive
whatlettergetsthefewestwordsinmostdictionaries,x
whichgreekgodwastheequivalentofvulcaninromanmythology,hephaestus
whatfastfoodfranchisegotitsstartinashellgasstationincorbinkentucky,kentucky fried chicken
bothprecededandsucceededbyvladimirputinhewasrussiasthirdpresidentandnowasof2013servesasprimeminister,dmitry medvedev
thesmallcityofkalispellmontanaisthegatewaytowhatonemillionacrenationalpark,glacier national park
meaningtounderstandintuitivelyorbyempathythetermgrokwascoinedinwhichsciencefictionnovel,stranger in a strange land
whowasreferredtoasthequeenofcountrymusic,tammy wynette
whichoscarwinningactressstarsinthe2013filmthrillerthecall,halle berry
thewordtandooriinthenameofanindiandishreferstotandoorwhichiswhat,a traditional clayoven
famouspaintingsbycaravaggiotitianvanoostsanenandothersdepictsalomeholdingtheseveredheadofwhichbiblicalfigure,john the baptist
whocomposedthearianessundorma,puccini
whichcountryproducesmateusrosewine,portugal
whowasplainandtallinthetitleofa1986childrensnovelbypatriciamaclachlan,sarah
whichofthefollowingislocatedinossiningnewyork,sing sing prison
whichofthebeatleswastheyoungest,george
rigolettoandlatraviataareoperasbywhichcomposer,verdi
consideredtobeameccaforjazzfanspreservationhallislocatedinwhichuscity,new orleans
livywasafamousromanwhatwashisprofession,historian
frankfortisthecapitalofwhichamericanstate,kentucky
whatwasthefirstusnationalpark,yellowstone
whatwasthefirstnameofthefirsthumaninspace,yuri
whatisthevalueofthebinarynumber11011indecimal,27
whichofthefollowingwasnotacharacterincharlesdickensachristmascarol,edward murdstone
whowouldmostlikelybeseencarryingandusingacreel,fisherman
howlongdoesittakelightfromthesuntoreachtheearth,8 minutes 20 seconds
inwhatyearwasgeorgeorwellsmasterpiecenineteeneightyfourwritten,1948
whattypeoffoodispakchoi,vegetable
whatislithium,a metal
ifyourebrailingyourecheatinginwhatgamebyfeelingaroundinthebag,scrabble
whichfamouscastlewastheprimaryinspirationforthedisneythemeparkcastlealsoincorporatedintothecompanyslogo,neuschwanstein castle
organzaisatypeofwhat,fabric
theheightofbothhorsesanddogsismeasuredtothispointtheridgebetweentheshoulderblades,withers
whatwasthenameofthehorseriddenbyroyrogers,trigger
whataretheromannumeralsfor400,cd
thestrategyofdoublingyourbetaftereverylossiscalledwhat,martingale
which19thcenturyauthorsscaryshortstoriesincludethepitandthependulumandthecaskofamontillado,edgar allan poe
ofwhichlegendaryracewashippolytathequeen,amazons
whatnameisgiventoafemaleswan,pen
whatisamarimba,musical instrument
whichcelestialobjectisofficiallyknownasmessier31,the andromeda galaxy
whichconstellationisknownastheplough,ursa major
whichorchestralinstrumentisnotclassifiedasawoodwind,trombone
whichriverflowsthroughthecentreofberlin,spree
whosponsoredthefirstyearofthetvcartoontheflintstonesinthe1960s,winston cigarettes
whatnewyorkmuseumfamousforitscollectionsofmusicalinstrumentsalsohasmorethan200000baseballcards,metropolitan museum of art
centeredaroundariverofthesamenamethedouroisaprominentwineregionofwhateuropeancountry,portugal
bywhatnameisbarbaramillicentrobertsbetterknown,barbie
henegotiatedthelouisianapurchasein1803andbecamefifthpresidentoftheunitedstatesofamericain1817namehim,james monroe
inpeterpanhowdidcaptainhooklosehishand,bitten off by a crocodile
whattypeofanimalisacachalot,whale
whichteamwonthefirstsoccerworldcupfinalin1930,uruguay
inwhichdecadewastheskateboardinvented,1950s
captaincookdiscoveredthehawaiianislandswhatweretheyoriginallycalled,sandwich islands
whatcompanycreatedstrawberryshortcake,american greetings
fourofthefivesprinterswiththefastestrecorded100meterstimesinhistorycomefromwhatcountry,jamaica
abouthalfofthelandofwhicheuropeancountryisbelowsealevel,netherlands
thefastpacedstickandballgameknownashurlingcomesfromwhatcountry,ireland
jennifersaundersandjoannalumleyplayededinaandpatsyinwhichlongrunningbritishsitcom,absolutely fabulous
whatisanothernamefortheabominablesnowman,yeti
onwhichcontinentisthecountryofmauritania,africa
wherewouldyoubeifyouwerebuyingthingswithshekels,israel
charliebrownisthemaincharacterinwhichcomicstrip,peanuts
whobecamethefirstartistcommerciallyavailableoncd,billy joel
whatisthedeepestpointinthepacificocean,mariana trench
thebookandfilmblackhawkdownchroniclea1993battlebetweenusforcesandmilitiainwhatafricancity,mogadishu
theatomicnumberofanelementreferstohowmanyofwhichsubatomicparticleeachatomofthatelementhas,proton
inwhichwestcoastuscityisthespaceneedlelocated,seattle
knownforplayingsharptonguedcharacterswhichactressappearsindowntonabbeyaswellastheharrypotterfilms,maggie smith
what2006viralinternetchristmassensationrequireduploadingtheusersphoto,elf yourself
adaptedtoafilmmultipletimeswhich18thcenturyfrenchnovelfeaturesthecharactervicomtedevalmont,the dangerous liaisons
napoleonsfamouswarhorsewasnamed,marengo
whatdisneymoviecontributedtodozensofcasesofsalmonellawhenkidsbegankissingamphibians,the princess and the frog
thiswordreferstothecentralpartofachurchbuildingthatholdsmostofthecongregation,nave
inadditiontobeingthenameofaportuguesearchipelagowhatismadeira,a fortified wine
theradiusoftheearththedistancefromthecenteroftheearthtoitssurfaceisapproximatelywhat,4000 miles
whichlargeautomakerhasownedrollsroycemotorcarssince2003,bmw
firstbuiltin537adthehagiasophiahasservedasacathedralandamosqueandisnowamuseuminwhichcityisit,istanbul
inanamericancasinohowmanydivisionsdoesaroulettewheelhave,38
onceknownforviolentcrimeandbeingthehomeofdrugcartelsitiscolombiassecondlargestcity,medellin
whodotheitalianscalltopolino,mickey mouse
whatbonealongwiththeradiusarethetwobonesthatextendfromtheelbowtothewristinthehumanbody,ulna
theishiharatestisusedtocheckforwhatcondition,colour blindness
thenovelsolarisfromwhatpolishsciencefictionwriterhasbeenadaptedtomoviescreensthreetimes,stanislaw lem
whichanimalismentionedmorefrequentlythananyotherinthebible,sheep
thebookofkellsisa9thcenturymagnificnetlyilluminatedmanuscriptwhereiskells,ireland
whatwouldbethemostappropriateuseforproduceharvestedfromtheplantspeciesvitisvinifera,make it into wine
whatissupposedlytheonlyobjectthatawerewolfisvulnerableto,silver bullet
whatdoesaphilatelistcollect,stamps
thelongestrunningdaytimedramaranoncbsfrom1952to2009whatwasit,guiding light
whichinternationalcompanysharesitsnamewithacharacterfromhermannmelvillesmobydick,starbucks
whichofthesefamous20thcenturyhorrornovelswasnotwrittenbyawoman,i am legend
thecavyananimalcommonlykeptasapetisbetterknownbywhatnameintheukandnorthamerica,guinea pig
whatsoftwareprogramisusedtolookatwebpages,browser
atwhichamericanwarofindependencebattlewerethebritishdefeatedthusendingthewar,yorktown
whatfamousactormadehisfilmdebutplayingbooradleyoppositegregorypeckin1962stokillamockingbird,robert duvall
asavidplayersoftheboardgameriskshouldknowthekamchatkapeninsulaislocatedwhere,eastern russia
fromwhichfruitiscalvadosdistilled,apples
alongwithisraelwhichcountrybordersthedeadsea,jordan
whatbuzzinginstrumentwaspopularizedbythe2010worldcupinsouthafrica,vuvuzelas
inwhichusstateisthemojavedesert,california
whichstarsignisassociatedwiththescales,libra
owingtohowthefirstonewasdevelopedthewordvaccinewasderivedfromthelatinwordforwhatanimal,cow
whichistheonlycountrytofeaturethebibleonitsnationalflag,dominican republic
whatflavoradditiondidbothcokeandpepsimarketunsuccessfullyintheearly2000s,vanilla
odinwasthemostpowerfulgodinwhichmythology,norse
atwhichaustraliantouristattractioncouldyouseethecrocoseumelephantasiaandthetigertemple,australia zoo
whatisthescientificnameforthehumanshoulderblade,scapula
inclassicalsingingandoperafemaleswiththelowestsingingvoicesareclassifiedaswhat,contralto
listedamongthetallestskyscrapersintheworldinwhichcountryarethepetronastowers,malaysia
whatnameisgiventoadeviceplacedinbeeransandbottlestohelptogeneratefroth,widget
nowdrawnbyhissonthismancreatedthefamilycircussyndicatedcomicstripin1960,bil keane
whattermmeanstheinformationcarryingcapacityofachannel,bandwidth
attracting350000touristsperyearmostofserengetinationalparkislocatedwithinwhatafricancountry,tanzania
sealisanacronymfor,sea air land
thewordsbungalowandshampoocomefromthelanguagesofwhichcountry,india
whatwasthefirstdisneymovieinwhichnoneoftheanimalsorcreaturescantalk,pocahontas
thesugarplumfairyisacharacterfromwhichballet,the nutcracker
whatwasthenameofthefictionalpiratecaptainhooksship,jolly roger
whichfamousfashiondesignerwasgunneddownoutsidehishomeinmiamibeachfloridain1997,gianni versace
whichancientworldwonderwasfoundinalexandria,the lighthouse
parkerandbarrowwerethesurnamesofwhichfamouscouple,bonnie and clyde
thethememoryofwhichqueenwere12crosseserectedbetweenlincolnandlondon,eleanor of castile
americanbornlarryadlerwasagreatvirtuosoonwhichinstrument,harmonica
whichofthesefamousauthorsdidnotcommitsuicide,ian fleming
accordingtothebibleonwhatdaydidgodmakethesunmoonandstars,fourth day
howtallininchesisahorsethatmeasures15handshigh,60
whatmagazinedidmultimillionairewalterannenbergfoundin1953,tv guide
whatisthehighestrankedusmilitaryawardforbravery,medal of honor
whichfashionhousewasbornofanineteenthcenturyfrenchtrunkmanufacturer,louis vuitton
intermsofmusicalswhoaremarcoandgiuseppe,the gondoliers
calledthekingofterrierswhatisthelargestbreedofterrierdog,airedale terrier
in1911whobecamethefirstexplorertoreachthesouthpole,roald amundsen
whatcolorstripeisnotonabarberpole,black
killedatthe1805battleoftrafalgarastatueofwhichbritishnavalherotowersovertrafalgarsquare,horatio nelson
erichweissisbetterknownbywhatname,harry houdini
whicheuropeancountryhadthezlotyasitscurrency,poland
howmanyplayersareonagaelicfootballteam,15
ofthesixlargestcitiesinnewzealandwhichistheonlyonethatresidesonthesouthisland,christchurch
thehugoawardsareawardedeveryyearforachievementinwhat,sci-fi/fantasy writing
inwhicholympiceventmightyouencounterthetermseggbeaterandflamingo,synchronised swimming
grownmostinbangladeshjuteisanaturalfiberusedtocreatehopetwineandthiscoarsefabric,burlap
whoinventedtheworldwideweb,tim berners-lee
whatteamsporthasapositioncalledalibero,volleyball
inthefilmbladerunnerwhatnamewasgiventorobotswithahumanappearance,replicants
thephraseshotheardroundtheworldreferstowhat,american revolution
whoinventedthespinningjenny,hargreaves
czechoslovakiaformallyseparatedintotwodifferentcountriesonjanuary1ofwhatyear,1993
whatoperasingerwhowasonceamobilephonesalesmanwonthefirstseriesofbritainsgottalentin2007,paul potts
whichstatedidtheusabuyfromrussiain1867,alaska
whocomposedthemusicfortheballetthetalesofhoffmann,offenbach
neworleansislocatedonthebanksofwhatriver,mississippi
whichwatchmakerisregardedasthefatherofenglishclockmaking,thomas tompion
oneofthefirstgreatfemaleafricanamericanauthorssheisbestknownfortheireyeswerewatchinggod,zora neale hurston
inwhichcityistheworldfamouscomplexofbuildingsknownasthekremlin,moscow
whichfestivalliterallymeansfattuesday,mardi gras
inwhichcontinentwillyoufindtheatlasmountains,africa
youknowaboutthemonalisassmilebutyoumaynothavenoticedthatsheismissingsomethingwhat,eyebrows
whoassassinatedrobertfkennedy,sirhan sirhan
whichcarisafamousporschemodel,carrera
whichcompanyistheworldstopproducerofbowlingequipmentandoneofthelargestbilliardtablemanufacturers,brunswick
whatprofessiondidaugusteescoffierhave,chef
outdoorsportinggoodsandclothingretailerllbeanwasfoundedin1912inwhatstate,maine
vexillologyisthestudyofwhat,flags
whatistheprincipaloreofaluminium,bauxite
whatwouldascotsmancarryinhissporran,his money
afteryouhaverolleddoublesinmonopolyyoudoyoudo,roll again
landcruiserhavebeenmadebywhatautomakersince1951,toyota
whatyeardidfacebookdebut,2004
in1893whichcountrybecamethefirsttograntwomentherighttovote,new zealand
whichoftheseisnotadinosaur,thesaurus
whatpopulardanceoriginatedinargentina,tango
whatistheaveragespeedofarunnerwhorunsafourminutemile,15 mph
whowastheauthorofsuchbooksasthestrangerthefallandtheplague,albert camus
bywhatotheracidicnameisvitamincalsoknown,ascorbic acid
howmanyacresfitinsideofahectare,2.47
whichfruitispureedandstrainedtomakepassata,tomato
whichcomediennescoredanewyorktimesbestsellerin2011withhercomedicautobiographybossypants,tina fey
whatcountrygavetheworldthecrocs,tanzania
surprisingtosomewhichnorthernarizonacityisoneofthetenhighestintheusforaverageannualsnowfall,flagstaff
whatistheliteralmeaningofthecitynamereykjavikhomecityofquizup,smoky bay
inmythologywhatweremedusasthenoandeuryalecollectivelyknownas,the gorgons
amongwhich19thcenturyauthorsshortstoriesarethepitandthependulumandthecaskofamontillado,edgar allan poe
whatisabrownthrasher,bird
inwhichshakespeareplaydoportiabassanioandantonioappear,the merchant of venice
whichofthefollowingsharkspeciesarenotconsideredoneofthetopthreemostdangeroustohumans,hammerhead
whowrotetheunfinishedsymphony,schubert
whichofthesewouldbemostlikelytouseametronome,musician
fromwhatcountryispamelaanderson,canada
georgelucasdirectedwhatfilmreleasedin1977,star wars
whatcolourribbonwasadoptedin1991asasymbolofaidsawareness,red
amongthispulitzerwinningauthorsfamousnovelsareamericanpastoralandportnoyscomplaint,philip roth
whichmusicalinstrumentiscalleddudelsackingermanandzampognainitalian,bagpipes
inwhichcitydidthesaintvalentinesdaymassacretakeplace,chicago
namethemissingdnanucleobasethymineadeninecytosine,guanine
whatmusicstudiogaveelvispresleycarlperkinsandjerryleelewistheirstarts,sun
whichmoontraditionallycomesaftertheharvestmoon,hunter's moon
housedinabuildingbigenoughtohold9footballpithesinsidetheworldslargestflowerauctionhouseislocatedwhere,the netherlands
whatisthebroadestmeasureoftheusstockmarket,wilshire 5000
whatpopularpixaranimatedfilmpartiallytakesplaceinthecityofmetroville,the incredibles
bestknownforhisnovelswhatwritersnonfictionincludedansemacabreandonwritingsamemoirofthecraft,stephen king
howmanyhoopsareusedinagameofcroquet,six
whatisthemaximumnumberofclubsagolfermaycarrylegallyinhishergolfbag,14
whichcountryhasnotfoughtawarsince1815,switzerland
thebarrylevinsonfilmsdinertinmenavalonandlibertyheightsalltakeplaceinwhichuscity,baltimore
thisvideogamecompanyfoundedin1991createdstarcraftdiabloandworldofwarcraft,blizzard entertainment
inwhichofthefollowingnonfictionbookswouldyoufindnumerousreferencestodeepthroat,all the president's men
inwhatyeardidmichaeljacksondie,2009
whichscaleisusedtomeasurethespicyheatofchilipeppers,scoville scale
whowasawardedthe1981bookerprizeforthenovelmidnightschildren,salman rushdie
whatnameisgiventoanottersden,holt
asof2005whichofthesejobshasbarbienotheld,planned parenthood counselor
thisfamedactorwhodiedindecember2013heldarecordwitheightactingoscarnominationswithoutawin,peter o'toole
whatisapolygraphusedfor,lie detecting
whatcolorissonicthehedgehog,blue
cslewiswrotethechroniclesofnarniawhatdotheletterscsstandfor,clive staples
whichfolktriorecordedpuffthemagicdragonin1963,"peter, paul, and mary"
fromworldwariito2015halftheamericanpresidentshavehadwhatcharacteristicwhich90ofamericansdonthave,left-handed
whatspeciesofbirdbuildsthelargestnestsinnorthamerica,bald eagle
whattypeofinsectisthespanishfly,beetle
inwhicheuropeancapitalcitywillyoufindthetrevifountain,rome
in2012supermangotanewgirlfriendwho,wonder woman
whatwentonthemarketbeginningin1998,viagra
paulhewsonisbetterknownbywhatstagename,bono
chicagostandsontheshoresofwhichlake,michigan
visitedbypopefrancisin2013thiscountryhasmorecatholicsthananyothercountryintheworld,brazil
thelabelonabottleofsrirachasauceassoldintheusfeaturesapictureofwhichanimal,rooster
howmanysquaresmakeupastandardsnakesampladdersboard,100
whowasthefirstfemaleprimeministerofgreatbritain,margaret thatcher
seleneisthegreekgoddessofwhat,moon
thepresidentworksinthewestwingwheredoesthevicepresidentwork,old executive office building
inwhichcountrywouldyoubeifyouwerespendingadong,vietnam
mostearlypaintballgunsusedwhatpressurizedgastolaunchpaintballsatotherplayers,carbon dioxide
majorcaminorcaandibizaarethemainislandsofwhichgroup,balearic islands
wherearetheatlasmountains,north africa
whichcityinnewsouthwalesaustraliaisinadifferenttimezonefromtherestofthestate,broken hill
whichhorrorstoryissubtitledthemodernprometheus,frankenstein
thereoncewasamanfromnantuckethelivedonanislandinwhatusstate,massachusetts
locatednearnurburggermanywhatisthenurburgring,automobile racetrack
shivaisanimportantdeityinwhichreligion,hinduism
whichoftheseisnotamoonofjupiter,triton
thisbluerockguitaristandhisbandthedestroyerswerebadtothebonein1982,george thorogood
inwhatyearwasthecubanmissilecrisis,1962
whichwasthefirstuscitytohosttheolympicgames,st. louis
whatagewasgeorgeforemanwhenhewontheworldheavyweightchampionshipin1994,45
whichcountryhasasitsanthemthesoldierssong,ireland
inwhatcountrymightyouenjoyamcsalmonburgeralongsideaplateofmcspaghetti,singapore
whichofthesearetouristattractionsinegypt,pyramids
whatwasthefirstcapitalcityotbebombedfromtheair,paris
wheredoesapineapplegrow,on the ground
scrumpyisaformofwhichdrinkthatistraditionallymadeinthewestcountryofengland,cider
theplotofthefilmandbookmoneyballrevolvearoundwhatprofessionalbaseballteam,oakland athletics
inwhichlanguagewasthechristmascarolsilentnightoriginallywritten,german
citiesinthisusincludenampamoscowandcoeurdalene,idaho
in2007whichcountrywasselectedtohostthe2014fifaworldcup,brazil
rigelandbetelgeusearetwostarsinwhatconstellation,orion
withwhichcountrydidtheukfightthecodwarinthe1960s,iceland
servingfrom20102013whowasaustraliasfirstfemaleprimeminister,julia gillard
whichcreaturelivesinasett,badger
whichmajorleaguebaseballteamplaysitshomegamesatcamdenyards,baltimore orioles
aterrificmoviebutinwhichcountrywillyoufindcasablanca,morocco
whichofthefollowingpowertoolsareyounotlikelytofindinawoodworkingshop,tumbler
presidentfranklindrooseveltsmiddlenamewaswhat,delano
inwhichsportmightaparticipantperformaveronica,bull fighting
beforecofoundingthedoughnutstorechainthatbearshisnametimhortonfirstgainedfameasawhat,hockey player
thekomododragontheworldslargestlizardcanonlybefoundinthewildinwhatcountry,indonesia
whoisthekardashiansfamousstepfather,bruce jenner
whichofthesebritishautomobilemanufacturershasnotgoneoutofbusiness,bentley
whatmacuserwasthefirstpresidenttohavealaptoponhisovalofficedesk,barack obama
whichusstateisknownasthevolunteerstate,tennessee
gotyourmusiconanmp3whatdothelettersmpstandfor,moving picture
whichformeruspresidentwasawardedanobelpeaceprizein2002,jimmy carter
howlongdidittakeapollo11toflytothemoon,4d 6h 45mn
whichcountrywasformerlyknownasceylon,sri lanka
whatwasmahatmagandhisfirstname,mohandas
whatisthecapitalofuruguay,montevideo
whatfaditemwasinventedbybritishaccountantedwardcravenwalkerin1963,lava lamps
whatisthenationalsportofengland,cricket
inwhatyearwastheoriginalkingkongmoviereleased,1933
whoreleasedthe2011viralvideofriday,rebecca black
consideredthetraditionalorsymboliccolorofislamwhichcolorappearsintheflagsofmostmuslimcountries,green
whopromotedthedevelopmentofthevolkswagenbeetle,adolf hitler
adherentsofwhichreligionobservehanukkah,judaism
whichpopulargermandishismadewithrabbit,hasenpfeffer
whatisachanterelle,type of mushroom
ifyouarestandingbetweenthecharlesandmysticriverswhatuscityareyouprobablyin,boston
wherewaspaulvasquezwhenhefilmedhisdoublerainbowviralvideo,yosemite national park
inwhichcanadianprovinceisthecaptalottawa,ontario
howmanypeoplehadtvsin1945,7000
the1997filmmrsbrownwasabouttherelationshipbetweenhisbritishmonarchandherservant,queen victoria
inwhichcitywaschristophercolumbusborn,genoa
howmanychroniclesofnarniabooksarethere,7
whichpopularpastryismadewithphyllodough,baklava
kungfuoriginatedinwhatcountry,china
stephankingsecretlypublishedfivenovelsusingwhatpseudonymbetween1977and1984beforebeingdiscovered,richard bachman
leeharveyoswaldassassinatedjfkwhokilledoswald,jack ruby
whichwriterdisappearedfor11daysindecember1926sparkingahugemanhunt,agatha christie
saltsofwhichmetallicelementareoftenusedasatreatmentforbipolardisorder,lithium
whichdisneycharacterprovidedanicknameforbritishprimeministertonyblair,bambi
whichwordmeansshapedlikeahelmet,galeate
wherewouldyoufindnikeofsamothraceandlibertyguidingthepeople,louvre
ailurophobiaisafearofwhat,cats
howmanyblanktilesareavailableatthebeginningofastandardscrabblegame,2
whichhotrootvegetableissometimescalledjapanesehorseradish,wasabi
howmanyyearsdidnelsonmandelaspendinprison,27
whichhotrootvegetableissometimescalledjapanesehorseradish,wasabi
howmanyblanktilesareavailableatthebeginningofastandardscrabblegame,2
ailurophobiaisafearofwhat,cats
howdoyouspellthenameofthefamousleekandpotatosoupthatisusuallyservedcold,vichyssoise
leonardodavinciwasafamousscientistartistandinventorborninwhatcountry,italy
whatpastimealsoknownasducksanddrakesintheuksawrusselbyarssetaworldrecordat51,skipping a stone on water
whatis25ofthreescore,15
in2011thisitalianautomakergainedmajoritycontrolofusautomakerchrysler,fiat
whatalcoholicdrinkismadefromjuniperberries,gin
sportinggoodscompanyadidaswasfoundedinandiscurrentlyheadquarteredinwhichcountry,germany
route66ranfromlosangelestowhatcity,chicago
whichmythologicalherokilledthenemeanlion,hercules
ifyoucaughtaspinylobsterwhataboutitsappearancewoulddifferentiateitfromaregularlobster,no claws
whowontheacademyawardforbestactorin1993andagainin1994,tom hanks
whatoperaticsingerwhowasonceamobilephonesalesmanwonthefirstseriesofbritainsgottalentin2007,paul potts
whatdidgeorgehwbushannoucehedidntlikein1989,broccoli
whichmetalisobtainedfrombauxite,aluminium
whichnewyorkstreetisthecentreofcommericaltheatreintheusa,broadway
multiplythenumberofedgesonacubebythenumberoffaces,72
inmedievaltimeswhatwasamangonelusedfor,launching missiles
thetitleofthetvadaptationagameofthronesisthetitleofjustthefirstbookofwhichgeorgerrmartineseries,a song of ice and fire
whatwascharliessurnameintheroalddahlbookcharlieandthechocolatefactory,bucket
thevedasareavolumeofancienttextsthatcontaintheoldestscripturesofwhatreligion,hinduism
whichtowninaustraliasharesitsnamewithacreaturefromaborginalmythology,bunyip
basedononethousandandonenightsscheherazadeisoneofwhichrussiancomposersmostfamousworks,rimsky-korsakov
whichcountrywasworstaffectedbythemadcowdiseaseoutbreakwith166humandeathsblamedontaintedmeat,united kingdom
whowrotethechroniclesofnarnia,c.s. lewis
mustafakemalrevolutionarystatesmanandthefirstpresidentofturkeywasbetterknownbywhatname,ataturk
howmanyoscarsdidthe1997filmtitanicwin,11
forwhatprofessionwasthomaschippendalefamous,furniture maker
inmay2001whatcompanypaid1milliontodliverasalamipizzatoyuriusachevaboardtheinternationalspacestation,pizza hut
formetheholygrailisthe1921alaskawhatdoicollect,license plates
whichcountrydeclareditselfanindependentrepublicon17thjune1944,iceland
ifyouwantedtoseetheilluminatedmanuscriptknownasthebookofkellswhatcitywouldyouvisit,dublin
whatwasthenameoftheclassic1930antiwarfilmwhichwasremadein1979,all quite on the western front
whichfamousmilitaryfigurehadawarhorsenamedcopenhagen,the duke of willington
whatisaconundrum,difficult problem
whoissupposedtohaveestablishedthemeasurementofayardbymeasuringfromhisnosetohisthumb,king henry i
whichinsectcarriesthedradeddiseaseofsleepingsickness,tsetse fly
howmanychesspiecesdoeseachplayerbeginthegamewith,16
whocarriedoutthesecondcircumnavigationoftheworld,francis drake
whatisthefearofgoingoutsidecalled,agoraphobia
whichbrandofcarwasthetimemachineinthefilmbacktothefuture,de lorean
acadianationalparkwithitsbeautifulrockyseashoresresidesinwhatusstate,maine
whichtirebrandisnamedafterthescottishinventorwhocreatedthefirstpracticalpneumatictirein1887,dunlop
whatisthenameofthefirsttesttubebabybornin1978,louise brown
linesonamapjoiningplacesofequalatmosphericpressurearecalledwhat,isobars
whatwasthenameofsherlockholmesolderbrother,mycroft
thesprucegoosewaswhat,a huge wooden floatplane
whatistheoldestairlineintheworldoperatingunderitsoriginalname,klm
whatwasthenameofthefirstusspaceshuttle,columbia
shrekisnotonlyamovieogrebutalsoawordforfearorhorrorinwhatlanguage,yiddish
whenbloodisfirstpumpedoutoftherightsideofthehumanheartwhereisitsentfirst,lungs
regrettingsomethingyoudidincollegedontworrywhatcanyoureversewithayaglaser,tattoos
whatnameisgiventoawordorphrasethatreadsthesamebackwardsandforwards,palindrome
whatdoesabaristado,makes coffee
whatcapitalcitywasoriginallyknownasedo,tokyo
whattwodisneycartooncharactersareeatingspaghettiwhentheyaccidentallysmooch,lady and the tramp
whooriginallysaidgovernmentofthepeopleforthepeoplebythepeople,abraham lincoln
whatisthesurnameofidenticaltwinstikiandrondewhobothplayedwithdistinctioninthenfl,barber
whatisthemostpopularnameforapope,john
whatisthelargestcountyinireland,cork
whotoppedtheforbesfictionalfifteenlistin2005onaccountofhisessentiallyinfinitewealth,santa claus
inwhatcountrycanyouvisitmachupicchu,peru
whattypeofgarmentisapeignoir,dressing gown
whichoftheseisnotavarietyofapple,anjou
whoreleasedanalbumcalledsimplywar,u2
oxygenandwhatothergaseouselementmakeup99ofouratmosphere,nitrogen
whatwasthefirstyearcommercialsshowedwomenwearingonlyunderwear,1987
inwhatyeardidthestvalentinesdaymassacretakeplaceinchicago,1929
ohiostatelicenseplatesbearthesloganbirthplaceofaviationwhatstatsplatesproclaimfirstinflight,north carolina
supermanwouldfearwhatrarewellhiddengaswhosenamecomesfromthegreekforhidden,krypton
whatdothelettershwstandforinpresidentgeorgehwbush,herbert walker
chopintchaikovskyandmendelssohnwereamongthecomposersfromthisperiodofwesternclassicalmusic,romantic period
whichisthelighestofthechemicalelements,hydrogen
whatkindoffishdogermansusetomakearollmop,herring
beforeicelandbecameindependentitwasunderthesovereigntyofwhichcountry,denmark
whatmovieratingwascreatedin1984,pg-13
bywhatnamedidtheromansusuallyrefertoireland,hibernia
inwhatportionoftheussrdidthechernobylnuclearpowerplantreside,ukraine
whichwomanhasthemostmonumentserectedtoher,the virgin mary
whichwinterolympicsportusesarubberiseddisccalledapuck,ice hockey
whichtypeofplayerwouldbereferredtoasoneofthe2inthetraditionalfootballformationknownas442,striker
whatdiseaseiscommonlycalledlockjaw,tetanus
whichbreedofminiaturehorseisthesmallestintheworld,falabella
johncreaseywrote560booksunderhowmanypseudonyms,28
inaeuropeancasinohowmanydivisionsdoesaroulettewheelhave,thirty-seven
theredsoxplaybaseballinwhichcity,boston
daytonaissynonymouswithracingandspeedinwhichusstateisdaytona,florida
whichnutsareusedtomakemarzipan,almonds
residingonthebalticcoastwhichcityispolandslargestseaport,gdansk
thewindindicatoratanairportsharesitsnamewithwhichitemofclothing,sock
